rf,dateff
0.00280,1965-01-29
0.00300,1965-02-26
0.00360,1965-03-31
0.00310,1965-04-30
0.00310,1965-05-28
0.00350,1965-06-30
0.00310,1965-07-30
0.00330,1965-08-31
0.00310,1965-09-30
0.00310,1965-10-29
0.00350,1965-11-30
0.00330,1965-12-31
0.00380,1966-01-31
0.00350,1966-02-28
0.00380,1966-03-31
0.00340,1966-04-29
0.00410,1966-05-31
0.00380,1966-06-30
0.00350,1966-07-29
0.00410,1966-08-31
0.00400,1966-09-30
0.00450,1966-10-31
0.00400,1966-11-30
0.00400,1966-12-30
0.00430,1967-01-31
0.00360,1967-02-28
0.00390,1967-03-31
0.00320,1967-04-28
0.00330,1967-05-31
0.00270,1967-06-30
0.00320,1967-07-31
0.00310,1967-08-31
0.00320,1967-09-29
0.00390,1967-10-31
0.00360,1967-11-30
0.00330,1967-12-29
0.00400,1968-01-31
0.00390,1968-02-29
0.00380,1968-03-29
0.00430,1968-04-30
0.00450,1968-05-31
0.00430,1968-06-28
0.00480,1968-07-30
0.00420,1968-08-30
0.00430,1968-09-30
0.00440,1968-10-31
0.00420,1968-11-29
0.00430,1968-12-31
0.00530,1969-01-31
0.00460,1969-02-28
0.00460,1969-03-28
0.00530,1969-04-30
0.00480,1969-05-29
0.00510,1969-06-30
0.00530,1969-07-31
0.00500,1969-08-29
0.00620,1969-09-30
0.00600,1969-10-31
0.00520,1969-11-28
0.00640,1969-12-31
0.00600,1970-01-30
0.00620,1970-02-27
0.00570,1970-03-31
0.00500,1970-04-30
0.00530,1970-05-29
0.00580,1970-06-30
0.00520,1970-07-31
0.00530,1970-08-31
0.00540,1970-09-30
0.00460,1970-10-30
0.00460,1970-11-30
0.00420,1970-12-31
0.00380,1971-01-29
0.00330,1971-02-26
0.00300,1971-03-31
0.00280,1971-04-30
0.00290,1971-05-28
0.00370,1971-06-30
0.00400,1971-07-30
0.00470,1971-08-31
0.00370,1971-09-30
0.00370,1971-10-29
0.00370,1971-11-30
0.00370,1971-12-31
0.00290,1972-01-31
0.00250,1972-02-29
0.00270,1972-03-30
0.00290,1972-04-28
0.00300,1972-05-31
0.00290,1972-06-30
0.00310,1972-07-31
0.00290,1972-08-31
0.00340,1972-09-29
0.00400,1972-10-31
0.00370,1972-11-30
0.00370,1972-12-29
0.00440,1973-01-31
0.00420,1973-02-28
0.00460,1973-03-30
0.00520,1973-04-30
0.00510,1973-05-31
0.00510,1973-06-29
0.00640,1973-07-31
0.00700,1973-08-31
0.00680,1973-09-28
0.00650,1973-10-31
0.00560,1973-11-30
0.00640,1973-12-31
0.00630,1974-01-31
0.00580,1974-02-28
0.00560,1974-03-29
0.00750,1974-04-30
0.00750,1974-05-31
0.00600,1974-06-28
0.00700,1974-07-31
0.00600,1974-08-30
0.00810,1974-09-30
0.00510,1974-10-31
0.00540,1974-11-29
0.00700,1974-12-31
0.00580,1975-01-31
0.00430,1975-02-28
0.00410,1975-03-31
0.00440,1975-04-30
0.00440,1975-05-30
0.00410,1975-06-30
0.00480,1975-07-31
0.00480,1975-08-29
0.00530,1975-09-30
0.00560,1975-10-31
0.00410,1975-11-28
0.00480,1975-12-31
0.00470,1976-01-30
0.00340,1976-02-27
0.00400,1976-03-31
0.00420,1976-04-30
0.00370,1976-05-28
0.00430,1976-06-30
0.00470,1976-07-30
0.00420,1976-08-31
0.00440,1976-09-30
0.00410,1976-10-29
0.00400,1976-11-30
0.00400,1976-12-31
0.00360,1977-01-31
0.00350,1977-02-28
0.00380,1977-03-31
0.00380,1977-04-29
0.00370,1977-05-31
0.00400,1977-06-30
0.00420,1977-07-29
0.00440,1977-08-31
0.00430,1977-09-30
0.00490,1977-10-31
0.00500,1977-11-30
0.00490,1977-12-30
0.00490,1978-01-31
0.00460,1978-02-28
0.00530,1978-03-31
0.00540,1978-04-28
0.00510,1978-05-31
0.00540,1978-06-30
0.00560,1978-07-31
0.00560,1978-08-31
0.00620,1978-09-29
0.00680,1978-10-31
0.00700,1978-11-30
0.00780,1978-12-29
0.00770,1979-01-31
0.00730,1979-02-28
0.00810,1979-03-30
0.00800,1979-04-30
0.00820,1979-05-31
0.00810,1979-06-29
0.00770,1979-07-31
0.00770,1979-08-31
0.00830,1979-09-28
0.00870,1979-10-31
0.00990,1979-11-30
0.00950,1979-12-31
0.00800,1980-01-31
0.00890,1980-02-29
0.01210,1980-03-31
0.01260,1980-04-30
0.00810,1980-05-30
0.00610,1980-06-30
0.00530,1980-07-31
0.00640,1980-08-29
0.00750,1980-09-30
0.00950,1980-10-31
0.00960,1980-11-28
0.01310,1980-12-31
0.01040,1981-01-30
0.01070,1981-02-27
0.01210,1981-03-31
0.01080,1981-04-30
0.01150,1981-05-29
0.01350,1981-06-30
0.01240,1981-07-31
0.01280,1981-08-31
0.01240,1981-09-30
0.01210,1981-10-30
0.01070,1981-11-30
0.00870,1981-12-31
0.00800,1982-01-29
0.00920,1982-02-26
0.00980,1982-03-31
0.01130,1982-04-30
0.01060,1982-05-28
0.00960,1982-06-30
0.01050,1982-07-30
0.00760,1982-08-31
0.00510,1982-09-30
0.00590,1982-10-29
0.00630,1982-11-30
0.00670,1982-12-31
0.00690,1983-01-31
0.00620,1983-02-28
0.00630,1983-03-31
0.00710,1983-04-29
0.00690,1983-05-31
0.00670,1983-06-30
0.00740,1983-07-29
0.00760,1983-08-31
0.00760,1983-09-30
0.00760,1983-10-31
0.00700,1983-11-30
0.00730,1983-12-30
0.00760,1984-01-31
0.00710,1984-02-29
0.00730,1984-03-30
0.00810,1984-04-30
0.00780,1984-05-31
0.00750,1984-06-29
0.00820,1984-07-31
0.00830,1984-08-31
0.00860,1984-09-28
0.01000,1984-10-31
0.00730,1984-11-30
0.00640,1984-12-31
0.00650,1985-01-31
0.00580,1985-02-28
0.00620,1985-03-29
0.00720,1985-04-30
0.00660,1985-05-31
0.00550,1985-06-28
0.00620,1985-07-31
0.00550,1985-08-30
0.00600,1985-09-30
0.00650,1985-10-31
0.00610,1985-11-29
0.00650,1985-12-31
0.00560,1986-01-31
0.00530,1986-02-28
0.00600,1986-03-31
0.00520,1986-04-30
0.00490,1986-05-30
0.00520,1986-06-30
0.00520,1986-07-31
0.00460,1986-08-29
0.00450,1986-09-30
0.00460,1986-10-31
0.00390,1986-11-28
0.00490,1986-12-31
0.00420,1987-01-30
0.00430,1987-02-27
0.00470,1987-03-31
0.00440,1987-04-30
0.00380,1987-05-29
0.00480,1987-06-30
0.00460,1987-07-31
0.00470,1987-08-31
0.00450,1987-09-30
0.00600,1987-10-30
0.00350,1987-11-30
0.00390,1987-12-31
0.00290,1988-01-29
0.00460,1988-02-29
0.00440,1988-03-31
0.00460,1988-04-29
0.00510,1988-05-31
0.00490,1988-06-30
0.00510,1988-07-29
0.00590,1988-08-31
0.00620,1988-09-30
0.00610,1988-10-31
0.00570,1988-11-30
0.00630,1988-12-30
0.00550,1989-01-31
0.00610,1989-02-28
0.00670,1989-03-31
0.00670,1989-04-28
0.00790,1989-05-31
0.00710,1989-06-30
0.00700,1989-07-31
0.00740,1989-08-31
0.00650,1989-09-29
0.00680,1989-10-31
0.00690,1989-11-30
0.00610,1989-12-29
0.00570,1990-01-31
0.00570,1990-02-28
0.00640,1990-03-30
0.00690,1990-04-30
0.00680,1990-05-31
0.00630,1990-06-29
0.00680,1990-07-31
0.00660,1990-08-31
0.00600,1990-09-28
0.00680,1990-10-31
0.00570,1990-11-30
0.00600,1990-12-31
0.00520,1991-01-31
0.00480,1991-02-28
0.00440,1991-03-28
0.00530,1991-04-30
0.00470,1991-05-31
0.00420,1991-06-28
0.00490,1991-07-31
0.00460,1991-08-30
0.00460,1991-09-30
0.00420,1991-10-31
0.00390,1991-11-29
0.00380,1991-12-31
0.00340,1992-01-31
0.00280,1992-02-28
0.00340,1992-03-31
0.00320,1992-04-30
0.00280,1992-05-29
0.00320,1992-06-30
0.00310,1992-07-31
0.00260,1992-08-31
0.00260,1992-09-30
0.00230,1992-10-30
0.00230,1992-11-30
0.00280,1992-12-31
0.00230,1993-01-29
0.00220,1993-02-26
0.00250,1993-03-31
0.00240,1993-04-30
0.00220,1993-05-28
0.00250,1993-06-30
0.00240,1993-07-30
0.00250,1993-08-31
0.00260,1993-09-30
0.00220,1993-10-29
0.00250,1993-11-30
0.00230,1993-12-31
0.00250,1994-01-31
0.00210,1994-02-28
0.00270,1994-03-31
0.00270,1994-04-29
0.00320,1994-05-31
0.00310,1994-06-30
0.00280,1994-07-29
0.00370,1994-08-31
0.00370,1994-09-30
0.00380,1994-10-31
0.00370,1994-11-30
0.00440,1994-12-30
0.00420,1995-01-31
0.00400,1995-02-28
0.00460,1995-03-31
0.00450,1995-04-28
0.00540,1995-05-31
0.00470,1995-06-30
0.00450,1995-07-31
0.00470,1995-08-31
0.00430,1995-09-29
0.00470,1995-10-31
0.00420,1995-11-30
0.00490,1995-12-29
0.00430,1996-01-31
0.00390,1996-02-29
0.00390,1996-03-29
0.00460,1996-04-30
0.00420,1996-05-31
0.00400,1996-06-28
0.00450,1996-07-31
0.00410,1996-08-30
0.00440,1996-09-30
0.00420,1996-10-31
0.00410,1996-11-29
0.00460,1996-12-31
0.00450,1997-01-31
0.00390,1997-02-28
0.00430,1997-03-31
0.00430,1997-04-30
0.00490,1997-05-30
0.00370,1997-06-30
0.00430,1997-07-31
0.00410,1997-08-29
0.00440,1997-09-30
0.00420,1997-10-31
0.00390,1997-11-28
0.00480,1997-12-31
0.00430,1998-01-30
0.00390,1998-02-27
0.00390,1998-03-31
0.00430,1998-04-30
0.00400,1998-05-29
0.00410,1998-06-30
0.00400,1998-07-31
0.00430,1998-08-31
0.00460,1998-09-30
0.00320,1998-10-30
0.00310,1998-11-30
0.00380,1998-12-31
0.00350,1999-01-29
0.00350,1999-02-26
0.00430,1999-03-31
0.00370,1999-04-30
0.00340,1999-05-28
0.00400,1999-06-30
0.00380,1999-07-30
0.00390,1999-08-31
0.00390,1999-09-30
0.00390,1999-10-29
0.00360,1999-11-30
0.00440,1999-12-31
0.00410,2000-01-31
0.00430,2000-02-29
0.00470,2000-03-31
0.00460,2000-04-28
0.00500,2000-05-31
0.00400,2000-06-30
0.00480,2000-07-31
0.00500,2000-08-31
0.00510,2000-09-29
0.00560,2000-10-31
0.00510,2000-11-30
0.00500,2000-12-29
0.00540,2001-01-31
0.00380,2001-02-28
0.00420,2001-03-30
0.00390,2001-04-30
0.00320,2001-05-31
0.00280,2001-06-29
0.00300,2001-07-31
0.00310,2001-08-31
0.00280,2001-09-28
0.00220,2001-10-31
0.00170,2001-11-30
0.00150,2001-12-31
0.00140,2002-01-31
0.00130,2002-02-28
0.00130,2002-03-28
0.00150,2002-04-30
0.00140,2002-05-31
0.00130,2002-06-28
0.00150,2002-07-31
0.00140,2002-08-30
0.00140,2002-09-30
0.00140,2002-10-31
0.00120,2002-11-29
0.00110,2002-12-31
0.00100,2003-01-31
0.00090,2003-02-28
0.00100,2003-03-31
0.00100,2003-04-30
0.00090,2003-05-30
0.00100,2003-06-30
0.00070,2003-07-31
0.00070,2003-08-29
0.00080,2003-09-30
0.00070,2003-10-31
0.00070,2003-11-28
0.00080,2003-12-31
0.00070,2004-01-30
0.00060,2004-02-27
0.00090,2004-03-31
0.00080,2004-04-30
0.00060,2004-05-28
0.00080,2004-06-30
0.00100,2004-07-30
0.00110,2004-08-31
0.00110,2004-09-30
0.00110,2004-10-29
0.00150,2004-11-30
0.00160,2004-12-31
0.00160,2005-01-31
0.00160,2005-02-28
0.00210,2005-03-31
0.00210,2005-04-29
0.00240,2005-05-31
0.00230,2005-06-30
0.00240,2005-07-29
0.00300,2005-08-31
0.00290,2005-09-30
0.00270,2005-10-31
0.00310,2005-11-30
0.00320,2005-12-30
0.00350,2006-01-31
0.00340,2006-02-28
0.00370,2006-03-31
0.00360,2006-04-28
0.00430,2006-05-31
0.00400,2006-06-30
0.00400,2006-07-31
0.00420,2006-08-31
0.00410,2006-09-29
0.00410,2006-10-31
0.00420,2006-11-30
0.00400,2006-12-29
0.00440,2007-01-31
0.00380,2007-02-28
0.00430,2007-03-30
0.00440,2007-04-30
0.00410,2007-05-31
0.00400,2007-06-29
0.00400,2007-07-31
0.00420,2007-08-31
0.00320,2007-09-28
0.00320,2007-10-31
0.00340,2007-11-30
0.00270,2007-12-31
0.00210,2008-01-31
0.00130,2008-02-29
0.00170,2008-03-31
0.00180,2008-04-30
0.00180,2008-05-30
0.00170,2008-06-30
0.00150,2008-07-31
0.00130,2008-08-29
0.00150,2008-09-30
0.00080,2008-10-31
0.00030,2008-11-28
0.00000,2008-12-31
0.00000,2009-01-30
0.00010,2009-02-27
0.00020,2009-03-31
0.00010,2009-04-30
0.00000,2009-05-29
0.00010,2009-06-30
0.00010,2009-07-31
0.00010,2009-08-31
0.00010,2009-09-30
0.00000,2009-10-30
0.00000,2009-11-30
0.00010,2009-12-31
0.00000,2010-01-29
0.00000,2010-02-26
0.00010,2010-03-31
0.00010,2010-04-30
0.00010,2010-05-28
0.00010,2010-06-30
0.00010,2010-07-30
0.00010,2010-08-31
0.00010,2010-09-30
0.00010,2010-10-29
0.00010,2010-11-30
0.00010,2010-12-31
0.00010,2011-01-31
0.00010,2011-02-28
0.00010,2011-03-31
0.00000,2011-04-29
0.00000,2011-05-31
0.00000,2011-06-30
0.00000,2011-07-29
0.00010,2011-08-31
0.00000,2011-09-30
0.00000,2011-10-31
0.00000,2011-11-30
0.00000,2011-12-30
0.00000,2012-01-31
0.00000,2012-02-29
0.00000,2012-03-30
0.00000,2012-04-30
0.00010,2012-05-31
0.00000,2012-06-29
0.00000,2012-07-31
0.00010,2012-08-31
0.00010,2012-09-28
0.00010,2012-10-31
0.00010,2012-11-30
0.00010,2012-12-31
0.00000,2013-01-31
0.00000,2013-02-28
0.00000,2013-03-28
0.00000,2013-04-30
0.00000,2013-05-31
0.00000,2013-06-28
0.00000,2013-07-31
0.00000,2013-08-30
0.00000,2013-09-30
0.00000,2013-10-31
0.00000,2013-11-29
0.00000,2013-12-31
0.00000,2014-01-31
0.00000,2014-02-28
0.00000,2014-03-31
0.00000,2014-04-30
0.00000,2014-05-30
0.00000,2014-06-30
0.00000,2014-07-31
0.00000,2014-08-29
0.00000,2014-09-30
0.00000,2014-10-31
0.00000,2014-11-28
0.00000,2014-12-31
0.00000,2015-01-30
0.00000,2015-02-27
0.00000,2015-03-31
0.00000,2015-04-30
0.00000,2015-05-29
0.00000,2015-06-30
0.00000,2015-07-31
0.00000,2015-08-31
0.00000,2015-09-30
0.00000,2015-10-30
0.00000,2015-11-30
0.00010,2015-12-31
0.00010,2016-01-29
0.00020,2016-02-29
0.00020,2016-03-31
0.00010,2016-04-29
0.00010,2016-05-31
0.00020,2016-06-30
0.00020,2016-07-29
0.00020,2016-08-31
0.00020,2016-09-30
0.00020,2016-10-31
0.00010,2016-11-30
0.00030,2016-12-30
0.00040,2017-01-31
0.00040,2017-02-28
0.00030,2017-03-31
0.00050,2017-04-28
0.00060,2017-05-31
0.00060,2017-06-30
0.00070,2017-07-31
0.00090,2017-08-31
0.00090,2017-09-29
0.00090,2017-10-31
0.00080,2017-11-30
0.00090,2017-12-29
0.00110,2018-01-31
0.00110,2018-02-28
0.00120,2018-03-29
0.00140,2018-04-30
0.00140,2018-05-31
0.00140,2018-06-29
0.00160,2018-07-31
0.00160,2018-08-31
0.00150,2018-09-28
0.00190,2018-10-31
0.00180,2018-11-30
0.00190,2018-12-31
0.00210,2019-01-31
0.00180,2019-02-28
0.00190,2019-03-29
0.00210,2019-04-30
0.00210,2019-05-31
0.00180,2019-06-28
0.00190,2019-07-31
0.00160,2019-08-30
0.00180,2019-09-30
0.00150,2019-10-31
0.00120,2019-11-29
0.00140,2019-12-31
0.00130,2020-01-31
0.00120,2020-02-28
0.00120,2020-03-31
0.00000,2020-04-30
0.00010,2020-05-29
0.00010,2020-06-30
0.00010,2020-07-31
0.00010,2020-08-31
0.00010,2020-09-30
0.00010,2020-10-30
0.00010,2020-11-30
0.00010,2020-12-31
0.00000,2021-01-29
0.00000,2021-02-26
0.00000,2021-03-31
0.00000,2021-04-30
0.00000,2021-05-28
0.00000,2021-06-30
0.00000,2021-07-30
0.00000,2021-08-31
0.00000,2021-09-30
0.00000,2021-10-29
0.00000,2021-11-30
0.00010,2021-12-31
0.00000,2022-01-31
0.00000,2022-02-28
0.00000,2022-03-31
0.00000,2022-04-29
0.00030,2022-05-31
0.00060,2022-06-30
0.00080,2022-07-29
0.00190,2022-08-31
0.00190,2022-09-30
0.00230,2022-10-31
0.00290,2022-11-30
0.00330,2022-12-30
0.00350,2023-01-31
0.00340,2023-02-28
0.00360,2023-03-31
0.00350,2023-04-28
0.00360,2023-05-31
0.00400,2023-06-30
0.00450,2023-07-31
0.00450,2023-08-31
0.00430,2023-09-29
0.00470,2023-10-31
0.00440,2023-11-30
0.00430,2023-12-29
